{"cameraMode":{"drawMode":0,"name":"Shaded","section":"Shading Mode"},"sceneLighting":false,"audioPlay":false,"sceneViewState":{"showFog":true,"showMaterialUpdate":false,"showSkybox":false,"showFlares":true,"showImageEffects":true,"showParticleSystems":true},"in2DMode":false,"pivot":{"x":-0.00020891427993774414,"y":-0.3690366744995117,"z":0.12826955318450929},"rotation":{"x":-0.19140219688415528,"y":0.10928230732679367,"z":-0.021449126303195955,"w":-0.9751831293106079},"size":1.9501183032989503,"orthographic":false}